{
  "startup": {
    "srtm4": {
      "startup_time_ms": 4345.280082998215
    },
    "htg": {
      "startup_time_ms": 2.5732499998412095
    }
  },
  "memory": {
    "srtm4": {
      "baseline_mb": 62.77734375,
      "after_queries_mb": 64.10546875,
      "delta_mb": 1.328125
    },
    "htg": {
      "baseline_mb": 64.10546875,
      "after_queries_mb": 64.2109375,
      "delta_mb": 0.10546875
    }
  },
  "latency": {
    "srtm4": {
      "mean_ms": 108.11504362800952,
      "p50_ms": 105.79962500014517,
      "p95_ms": 121.1863339995034,
      "p99_ms": 154.2362090003735,
      "min_ms": 99.32020799897145,
      "max_ms": 224.37466600058542
    },
    "htg": {
      "mean_ms": 0.0015694049216108397,
      "p50_ms": 0.0004169996827840805,
      "p95_ms": 0.0005000001692678779,
      "p99_ms": 0.033082998925237916,
      "min_ms": 0.0003749992174562067,
      "max_ms": 0.1892080017569242
    }
  },
  "throughput": {
    "srtm4": {
      "queries_per_second": 9.4,
      "total_queries": 47
    },
    "htg": {
      "queries_per_second": 148884.6,
      "total_queries": 744423
    }
  }
}